,Demographic_parity,Disparate_impact,Normalized_diff,Odds_ratio,Elift_ratio,Mutual_info,Sensitivity,Specificity,Likelihood_ratio,Balance_error_r,Equalized_odds,Equalized_opp,Treatment_equality,Equal_positive_pred,Equal_negative_pred,Accuracy,Calibration,Prediction_parity,Erbs,Equal_FPR,Equal_FNR,ERB,Conditional_accuracy,Balance_residuals
Gender,0.9352196360070376,1,0.9406542303017492,0.717199697809116,0.9406542303017492,0.9516483555278377,0.9351149425287356,0.9746575342465753,0.9914469696969697,0.9175,0.9978949646584754,0.9978949646584754,0.9996915584415584,0.953765926563088,0.9893092105263157,0.944016613307952,0.7050665680473374,0.982908049382716,0.9875431131016578,0.9746575342465754,0.9351149425287356,0.9351149425287356,0.75,0.944016613307952
Age,0.8751879699248121,1,0.9120452137054045,0.5100354191263282,0.9191558441558442,0.8973396426554618,0.9055366682855756,0.8702614379084967,0.9852651515151515,0.9525,0.9915839527532145,0.9955383394807054,0.9993669950738916,0.9452561327561327,0.9444444444444444,0.9340852130325815,0.7071772481200349,0.9810956790123457,0.9987246199367411,0.8702614379084966,0.9055366682855756,0.8702614379084966,0.9575,0.9340852130325814
