,Demographic_parity,Disparate_impact,Normalized_diff,Odds_ratio,Elift_ratio,Mutual_info,Sensitivity,Specificity,Likelihood_ratio,Balance_error_r,Equalized_odds,Equalized_opp,Treatment_equality,Equal_positive_pred,Equal_negative_pred,Accuracy,Calibration,Prediction_parity,Erbs,Equal_FPR,Equal_FNR,ERB,Conditional_accuracy,Balance_residuals
Gender,0.9459689169499758,1,0.9496890898812889,0.7483031674208145,0.949689089881289,0.960282523819235,0.9812753036437247,0.8565789473684211,0.9960427807486631,0.8725,0.9897152008310249,0.9998246928731827,0.9996388577827547,0.9864792070674424,0.8040674603174602,0.9734094220495386,0.5,0.9971483018663194,0.998373010952066,0.856578947368421,0.9812753036437247,0.856578947368421,0.7275,0.9734094220495386
Age,0.9439102564102565,1,0.9617486338797815,0.7320574162679425,0.9631578947368421,0.9537140106706304,0.9699225729600953,0.9701863354037268,0.9939880952380953,0.9625,0.9995476741913296,0.9995476741913296,0.9995940170940171,0.9227296181630548,0.9113636363636364,0.9471153846153846,0.5,0.9971534830305336,0.9994938016528926,0.9701863354037267,0.9699225729600953,0.9699225729600953,0.97,0.9471153846153846
