,Demographic_parity,Disparate_impact,Normalized_diff,Odds_ratio,Elift_ratio,Mutual_info,Sensitivity,Specificity,Likelihood_ratio,Balance_error_r,Equalized_odds,Equalized_opp,Treatment_equality,Equal_positive_pred,Equal_negative_pred,Accuracy,Calibration,Prediction_parity,Erbs,Equal_FPR,Equal_FNR,ERB,Conditional_accuracy,Balance_residuals
Gender,0.929979035639413,1,0.9387605427209388,0.6897064288368636,0.9387605427209389,0.9458377742099684,0.9781904431331713,0.9693877551020408,0.9944230769230769,0.945,0.9995314452311537,0.9997621716146363,0.9993817934782608,0.915006038647343,0.8850574712643678,0.9522012578616351,0.6931128425222468,0.9797026063100137,0.989758913568578,0.9693877551020409,0.9781904431331714,0.9693877551020409,0.745,0.9522012578616352
Age,0.9270794246404003,1,0.9506642971989507,0.6700622524052066,0.952983870967742,0.9398271109953904,0.9527493917274938,0.99640522875817,0.98701871657754,0.96,0.9988836900089391,0.9988836900089391,0.9997348484848485,0.9189625108979947,0.9609649122807017,0.9317073170731707,0.676668395227531,0.997791662293762,0.9993532625423207,0.99640522875817,0.952749391727494,0.952749391727494,0.955,0.9317073170731707
