,Demographic_parity,Disparate_impact,Normalized_diff,Odds_ratio,Elift_ratio,Mutual_info,Sensitivity,Specificity,Likelihood_ratio,Balance_error_r,Equalized_odds,Equalized_opp,Treatment_equality,Equal_positive_pred,Equal_negative_pred,Accuracy,Calibration,Prediction_parity,Erbs,Equal_FPR,Equal_FNR,ERB,Conditional_accuracy,Balance_residuals
Gender,0.9869076584405052,1,0.9881215179228424,0.9320913461538463,0.9881215179228424,0.9903489739921133,0.9943883277216611,0.9666666666666667,0.998538961038961,0.9225,0.9994444444444445,0.9999842545671203,0.9993037280701754,0.9273731587561375,0.9195075757575758,0.9630981346309814,0.6986187458869788,0.9973745011552195,0.9574652777777778,0.9666666666666667,0.9943883277216611,0.9666666666666667,0.75,0.9630981346309814
Age,0.83695026407349,1,0.888240743917922,0.3998525889073153,0.8957993409476277,0.8628606417049292,0.9346011131725418,0.7394202898550725,0.982758152173913,0.9825,0.9660491073303927,0.9978614928008647,0.9994354838709677,0.9699294532627866,0.8271545498314877,0.9826537508447848,0.6661697636148942,0.9907181409559758,0.9879826487640385,0.7394202898550725,0.9346011131725417,0.7394202898550725,0.9275,0.9826537508447849
